k,alpha,beta,size,edge_num,ngil,nsil,num_of_clusters,time,method,seed
2,1.0,0.0,100,362,0.103,0.0,50,0.3613,Classification_Metric,4
2,1.0,0.0,300,6084,0.0931,0.0001,150,8.7417,Classification_Metric,4
2,1.0,0.0,500,36254,0.0804,0.0,250,90.9378,Classification_Metric,4
2,1.0,0.5,100,362,0.1043,0.0,50,0.3661,Classification_Metric,4
2,1.0,0.5,300,6084,0.084,0.0001,150,8.6629,Classification_Metric,4
2,1.0,0.5,500,36254,0.0886,0.0,250,82.4827,Classification_Metric,4
2,0.5,1.0,100,362,0.1043,0.0,50,0.3514,Classification_Metric,4
2,0.5,1.0,300,6084,0.084,0.0001,150,8.7251,Classification_Metric,4
2,0.5,1.0,500,36254,0.0886,0.0,250,82.4754,Classification_Metric,4
2,0.5,0.5,100,362,0.1043,0.0,50,0.334,Classification_Metric,4
2,0.5,0.5,300,6084,0.084,0.0001,150,8.8852,Classification_Metric,4
2,0.5,0.5,500,36254,0.0886,0.0,250,83.3544,Classification_Metric,4
2,1.0,1.0,100,362,0.1043,0.0,50,0.3305,Classification_Metric,4
2,1.0,1.0,300,6084,0.084,0.0001,150,8.6621,Classification_Metric,4
2,1.0,1.0,500,36254,0.0886,0.0,250,82.4472,Classification_Metric,4
4,1.0,0.0,100,362,0.1885,0.009,25,0.7344,Classification_Metric,4
4,1.0,0.0,300,6084,0.1998,0.0029,75,24.4186,Classification_Metric,4
4,1.0,0.0,500,36254,0.1714,0.0028,125,244.6048,Classification_Metric,4
4,1.0,0.5,100,362,0.2094,0.0102,25,0.6751,Classification_Metric,4
4,1.0,0.5,300,6084,0.1878,0.0025,75,23.6028,Classification_Metric,4
4,1.0,0.5,500,36254,0.1795,0.0023,125,241.4416,Classification_Metric,4
4,0.5,1.0,100,362,0.2094,0.0102,25,0.6961,Classification_Metric,4
4,0.5,1.0,300,6084,0.1878,0.0025,75,23.5569,Classification_Metric,4
4,0.5,1.0,500,36254,0.1797,0.0016,125,236.0526,Classification_Metric,4
4,0.5,0.5,100,362,0.2094,0.0102,25,0.7223,Classification_Metric,4
4,0.5,0.5,300,6084,0.1878,0.0025,75,23.5142,Classification_Metric,4
4,0.5,0.5,500,36254,0.1794,0.0022,125,239.4564,Classification_Metric,4
4,1.0,1.0,100,362,0.2094,0.0102,25,0.6867,Classification_Metric,4
4,1.0,1.0,300,6084,0.1878,0.0025,75,23.4293,Classification_Metric,4
4,1.0,1.0,500,36254,0.1794,0.0022,125,245.0977,Classification_Metric,4
6,1.0,0.0,100,362,0.4196,0.0448,16,1.311,Classification_Metric,4
6,1.0,0.0,300,6084,0.2696,0.0077,50,36.3655,Classification_Metric,4
6,1.0,0.0,500,36254,0.2316,0.0082,83,378.3586,Classification_Metric,4
6,1.0,0.5,100,362,0.4164,0.0421,16,1.3668,Classification_Metric,4
6,1.0,0.5,300,6084,0.2833,0.0083,50,36.9985,Classification_Metric,4
6,1.0,0.5,500,36254,0.2341,0.0085,83,397.9446,Classification_Metric,4
6,0.5,1.0,100,362,0.4164,0.0425,16,1.2898,Classification_Metric,4
6,0.5,1.0,300,6084,0.2693,0.0072,50,37.1862,Classification_Metric,4
6,0.5,1.0,500,36254,0.2528,0.0073,83,393.809,Classification_Metric,4
6,0.5,0.5,100,362,0.4164,0.0421,16,1.3078,Classification_Metric,4
6,0.5,0.5,300,6084,0.2833,0.0083,50,37.1451,Classification_Metric,4
6,0.5,0.5,500,36254,0.2331,0.008,83,396.6944,Classification_Metric,4
6,1.0,1.0,100,362,0.4164,0.0421,16,1.292,Classification_Metric,4
6,1.0,1.0,300,6084,0.2833,0.0083,50,37.1588,Classification_Metric,4
6,1.0,1.0,500,36254,0.2331,0.008,83,423.5614,Classification_Metric,4
8,1.0,0.0,100,362,0.482,0.0901,12,1.7729,Classification_Metric,4
8,1.0,0.0,300,6084,0.3727,0.0204,37,52.9618,Classification_Metric,4
8,1.0,0.0,500,36254,0.2952,0.016,62,554.6385,Classification_Metric,4
8,1.0,0.5,100,362,0.4821,0.0786,12,1.7846,Classification_Metric,4
8,1.0,0.5,300,6084,0.3555,0.0222,37,55.2494,Classification_Metric,4
8,1.0,0.5,500,36254,0.2909,0.0178,62,587.9201,Classification_Metric,4
8,0.5,1.0,100,362,0.4673,0.0778,12,1.7868,Classification_Metric,4
8,0.5,1.0,300,6084,0.331,0.0219,37,56.092,Classification_Metric,4
8,0.5,1.0,500,36254,0.3051,0.0157,62,585.9533,Classification_Metric,4
8,0.5,0.5,100,362,0.4673,0.0778,12,1.7811,Classification_Metric,4
8,0.5,0.5,300,6084,0.355,0.0221,37,55.6856,Classification_Metric,4
8,0.5,0.5,500,36254,0.3004,0.0172,62,589.113,Classification_Metric,4
8,1.0,1.0,100,362,0.4673,0.0778,12,1.7664,Classification_Metric,4
8,1.0,1.0,300,6084,0.355,0.0221,37,55.7549,Classification_Metric,4
8,1.0,1.0,500,36254,0.3004,0.0172,62,588.2738,Classification_Metric,4
10,1.0,0.0,100,362,0.4006,0.1321,10,1.717,Classification_Metric,4
10,1.0,0.0,300,6084,0.3695,0.0412,30,65.6861,Classification_Metric,4
10,1.0,0.0,500,36254,0.286,0.033,50,591.2308,Classification_Metric,4
10,1.0,0.5,100,362,0.4146,0.1345,10,1.7773,Classification_Metric,4
10,1.0,0.5,300,6084,0.3391,0.0424,30,68.7946,Classification_Metric,4
10,1.0,0.5,500,36254,0.285,0.0318,50,745.1619,Classification_Metric,4
10,0.5,1.0,100,362,0.4146,0.1345,10,1.7947,Classification_Metric,4
10,0.5,1.0,300,6084,0.3258,0.0427,30,68.8441,Classification_Metric,4
10,0.5,1.0,500,36254,0.3029,0.0314,50,749.9534,Classification_Metric,4
10,0.5,0.5,100,362,0.4146,0.1345,10,1.8284,Classification_Metric,4
10,0.5,0.5,300,6084,0.3391,0.0424,30,69.9431,Classification_Metric,4
10,0.5,0.5,500,36254,0.3002,0.0315,50,756.6651,Classification_Metric,4
10,1.0,1.0,100,362,0.4146,0.1345,10,1.8101,Classification_Metric,4
10,1.0,1.0,300,6084,0.3391,0.0424,30,70.7809,Classification_Metric,4
10,1.0,1.0,500,36254,0.3002,0.0315,50,765.3958,Classification_Metric,4
2,1.0,0.0,100,362,0.0975,0.0,50,1.3327,Normalized_Certainty_Penalty,4
2,1.0,0.0,300,6084,0.065,0.0001,150,21.8735,Normalized_Certainty_Penalty,4
2,1.0,0.0,500,36254,0.0577,0.0,250,173.507,Normalized_Certainty_Penalty,4
2,1.0,0.5,100,362,0.0909,0.0,50,1.4176,Normalized_Certainty_Penalty,4
2,1.0,0.5,300,6084,0.065,0.0,150,21.4075,Normalized_Certainty_Penalty,4
2,1.0,0.5,500,36254,0.0628,0.0,250,147.8511,Normalized_Certainty_Penalty,4
2,0.5,1.0,100,362,0.0963,0.0,50,1.3994,Normalized_Certainty_Penalty,4
2,0.5,1.0,300,6084,0.0704,0.0,150,20.6904,Normalized_Certainty_Penalty,4
2,0.5,1.0,500,36254,0.0716,0.0,250,143.5232,Normalized_Certainty_Penalty,4
2,0.5,0.5,100,362,0.0908,0.0,50,1.3584,Normalized_Certainty_Penalty,4
2,0.5,0.5,300,6084,0.0667,0.0,150,21.2006,Normalized_Certainty_Penalty,4
2,0.5,0.5,500,36254,0.0641,0.0,250,146.6726,Normalized_Certainty_Penalty,4
2,1.0,1.0,100,362,0.0908,0.0,50,1.3753,Normalized_Certainty_Penalty,4
2,1.0,1.0,300,6084,0.0667,0.0,150,20.7334,Normalized_Certainty_Penalty,4
2,1.0,1.0,500,36254,0.0641,0.0,250,147.703,Normalized_Certainty_Penalty,4
4,1.0,0.0,100,362,0.1771,0.0112,25,2.2592,Normalized_Certainty_Penalty,4
4,1.0,0.0,300,6084,0.1412,0.0024,75,46.7862,Normalized_Certainty_Penalty,4
4,1.0,0.0,500,36254,0.1264,0.0026,125,318.2156,Normalized_Certainty_Penalty,4
4,1.0,0.5,100,362,0.1933,0.0114,25,2.3152,Normalized_Certainty_Penalty,4
4,1.0,0.5,300,6084,0.1521,0.0029,75,44.862,Normalized_Certainty_Penalty,4
4,1.0,0.5,500,36254,0.1431,0.001,125,354.3917,Normalized_Certainty_Penalty,4
4,0.5,1.0,100,362,0.1757,0.0102,25,2.32,Normalized_Certainty_Penalty,4
4,0.5,1.0,300,6084,0.1679,0.0016,75,42.6033,Normalized_Certainty_Penalty,4
4,0.5,1.0,500,36254,0.161,0.0004,125,337.7355,Normalized_Certainty_Penalty,4
4,0.5,0.5,100,362,0.2005,0.0103,25,2.3401,Normalized_Certainty_Penalty,4
4,0.5,0.5,300,6084,0.1513,0.003,75,44.5127,Normalized_Certainty_Penalty,4
4,0.5,0.5,500,36254,0.1506,0.001,125,352.0519,Normalized_Certainty_Penalty,4
4,1.0,1.0,100,362,0.2005,0.0103,25,2.3327,Normalized_Certainty_Penalty,4
4,1.0,1.0,300,6084,0.1513,0.003,75,44.3874,Normalized_Certainty_Penalty,4
4,1.0,1.0,500,36254,0.1506,0.001,125,353.6096,Normalized_Certainty_Penalty,4
6,1.0,0.0,100,362,0.3597,0.043,16,3.2223,Normalized_Certainty_Penalty,4
6,1.0,0.0,300,6084,0.2092,0.008,50,65.1421,Normalized_Certainty_Penalty,4
6,1.0,0.0,500,36254,0.1759,0.0086,83,563.297,Normalized_Certainty_Penalty,4
6,1.0,0.5,100,362,0.3998,0.0413,16,3.2447,Normalized_Certainty_Penalty,4
6,1.0,0.5,300,6084,0.22,0.0102,50,63.4486,Normalized_Certainty_Penalty,4
6,1.0,0.5,500,36254,0.2064,0.0027,83,543.6518,Normalized_Certainty_Penalty,4
6,0.5,1.0,100,362,0.3939,0.0423,16,3.2299,Normalized_Certainty_Penalty,4
6,0.5,1.0,300,6084,0.2459,0.0044,50,60.7093,Normalized_Certainty_Penalty,4
6,0.5,1.0,500,36254,0.2484,0.0007,83,510.0971,Normalized_Certainty_Penalty,4
6,0.5,0.5,100,362,0.3797,0.0391,16,3.2319,Normalized_Certainty_Penalty,4
6,0.5,0.5,300,6084,0.2226,0.0119,50,63.2131,Normalized_Certainty_Penalty,4
6,0.5,0.5,500,36254,0.2092,0.0032,83,540.0929,Normalized_Certainty_Penalty,4
6,1.0,1.0,100,362,0.3797,0.0391,16,3.2023,Normalized_Certainty_Penalty,4
6,1.0,1.0,300,6084,0.2226,0.0119,50,63.0591,Normalized_Certainty_Penalty,4
6,1.0,1.0,500,36254,0.2092,0.0032,83,540.0737,Normalized_Certainty_Penalty,4
8,1.0,0.0,100,362,0.4482,0.0956,12,3.5019,Normalized_Certainty_Penalty,4
8,1.0,0.0,300,6084,0.2753,0.0218,37,78.8895,Normalized_Certainty_Penalty,4
8,1.0,0.0,500,36254,0.2264,0.0192,62,682.1853,Normalized_Certainty_Penalty,4
8,1.0,0.5,100,362,0.4611,0.0833,12,3.5497,Normalized_Certainty_Penalty,4
8,1.0,0.5,300,6084,0.3014,0.0291,37,77.8579,Normalized_Certainty_Penalty,4
8,1.0,0.5,500,36254,0.2669,0.0109,62,680.5047,Normalized_Certainty_Penalty,4
8,0.5,1.0,100,362,0.4827,0.0848,12,3.5474,Normalized_Certainty_Penalty,4
8,0.5,1.0,300,6084,0.371,0.0113,37,74.7433,Normalized_Certainty_Penalty,4
8,0.5,1.0,500,36254,0.341,0.0006,62,632.2377,Normalized_Certainty_Penalty,4
8,0.5,0.5,100,362,0.4606,0.0825,12,3.5676,Normalized_Certainty_Penalty,4
8,0.5,0.5,300,6084,0.328,0.0301,37,77.8824,Normalized_Certainty_Penalty,4
8,0.5,0.5,500,36254,0.3083,0.0105,62,665.7606,Normalized_Certainty_Penalty,4
8,1.0,1.0,100,362,0.4606,0.0825,12,3.5062,Normalized_Certainty_Penalty,4
8,1.0,1.0,300,6084,0.328,0.0301,37,78.0251,Normalized_Certainty_Penalty,4
8,1.0,1.0,500,36254,0.3083,0.0105,62,664.6055,Normalized_Certainty_Penalty,4
10,1.0,0.0,100,362,0.3895,0.1367,10,2.6113,Normalized_Certainty_Penalty,4
10,1.0,0.0,300,6084,0.2843,0.0451,30,71.4663,Normalized_Certainty_Penalty,4
10,1.0,0.0,500,36254,0.2457,0.0361,50,705.7879,Normalized_Certainty_Penalty,4
10,1.0,0.5,100,362,0.4165,0.1377,10,2.6401,Normalized_Certainty_Penalty,4
10,1.0,0.5,300,6084,0.3015,0.0571,30,76.7362,Normalized_Certainty_Penalty,4
10,1.0,0.5,500,36254,0.2824,0.0297,50,868.4934,Normalized_Certainty_Penalty,4
10,0.5,1.0,100,362,0.412,0.1344,10,2.5965,Normalized_Certainty_Penalty,4
10,0.5,1.0,300,6084,0.3584,0.0309,30,72.9126,Normalized_Certainty_Penalty,4
10,0.5,1.0,500,36254,0.3681,0.0006,50,691.8783,Normalized_Certainty_Penalty,4
10,0.5,0.5,100,362,0.4263,0.1366,10,2.6415,Normalized_Certainty_Penalty,4
10,0.5,0.5,300,6084,0.3208,0.0591,30,78.7175,Normalized_Certainty_Penalty,4
10,0.5,0.5,500,36254,0.3297,0.0191,50,697.8965,Normalized_Certainty_Penalty,4
10,1.0,1.0,100,362,0.4263,0.1366,10,2.7585,Normalized_Certainty_Penalty,4
10,1.0,1.0,300,6084,0.3208,0.0591,30,80.6815,Normalized_Certainty_Penalty,4
10,1.0,1.0,500,36254,0.3297,0.0191,50,809.4525,Normalized_Certainty_Penalty,4
2,1.0,0.0,100,362,0.0858,0.0,50,2.8602,SaNGreeA,4
2,1.0,0.0,300,6084,0.0617,0.0001,150,24.9686,SaNGreeA,4
2,1.0,0.0,500,36254,0.0507,0.0,250,127.8684,SaNGreeA,4
2,1.0,0.5,100,362,0.1153,0.0,50,1.8089,SaNGreeA,4
2,1.0,0.5,300,6084,0.1248,0.0,150,22.6414,SaNGreeA,4
2,1.0,0.5,500,36254,0.1545,0.0,250,112.3513,SaNGreeA,4
2,0.5,1.0,100,362,0.1382,0.0,50,2.0241,SaNGreeA,4
2,0.5,1.0,300,6084,0.1572,0.0,150,23.1937,SaNGreeA,4
2,0.5,1.0,500,36254,0.1834,0.0,250,112.6868,SaNGreeA,4
2,0.5,0.5,100,362,0.1382,0.0,50,1.9127,SaNGreeA,4
2,0.5,0.5,300,6084,0.1432,0.0,150,22.815,SaNGreeA,4
2,0.5,0.5,500,36254,0.1763,0.0,250,113.188,SaNGreeA,4
2,1.0,1.0,100,362,0.1382,0.0,50,1.868,SaNGreeA,4
2,1.0,1.0,300,6084,0.1432,0.0,150,22.7615,SaNGreeA,4
2,1.0,1.0,500,36254,0.1763,0.0,250,113.4037,SaNGreeA,4
4,1.0,0.0,100,362,0.2041,0.0106,25,2.9186,SaNGreeA,4
4,1.0,0.0,300,6084,0.1458,0.002,75,42.4575,SaNGreeA,4
4,1.0,0.0,500,36254,0.1178,0.0026,125,262.6901,SaNGreeA,4
4,1.0,0.5,100,362,0.2405,0.0112,25,2.9389,SaNGreeA,4
4,1.0,0.5,300,6084,0.2474,0.0006,75,40.9067,SaNGreeA,4
4,1.0,0.5,500,36254,0.2877,0.0001,125,250.0274,SaNGreeA,4
4,0.5,1.0,100,362,0.2978,0.0072,25,2.9466,SaNGreeA,4
4,0.5,1.0,300,6084,0.3114,0.0005,75,41.3717,SaNGreeA,4
4,0.5,1.0,500,36254,0.3425,0.0001,125,250.438,SaNGreeA,4
4,0.5,0.5,100,362,0.2956,0.0073,25,2.9181,SaNGreeA,4
4,0.5,0.5,300,6084,0.3044,0.0005,75,41.2822,SaNGreeA,4
4,0.5,0.5,500,36254,0.3272,0.0001,125,251.0126,SaNGreeA,4
4,1.0,1.0,100,362,0.2956,0.0073,25,2.9785,SaNGreeA,4
4,1.0,1.0,300,6084,0.3044,0.0005,75,41.2954,SaNGreeA,4
4,1.0,1.0,500,36254,0.3272,0.0001,125,251.4187,SaNGreeA,4
6,1.0,0.0,100,362,0.3571,0.0472,16,3.7369,SaNGreeA,4
6,1.0,0.0,300,6084,0.2136,0.0075,50,53.4049,SaNGreeA,4
6,1.0,0.0,500,36254,0.1693,0.0084,83,364.4982,SaNGreeA,4
6,1.0,0.5,100,362,0.4283,0.0513,16,3.7483,SaNGreeA,4
6,1.0,0.5,300,6084,0.3463,0.0012,50,53.9949,SaNGreeA,4
6,1.0,0.5,500,36254,0.3746,0.0002,83,369.9166,SaNGreeA,4
6,0.5,1.0,100,362,0.518,0.0346,16,3.7433,SaNGreeA,4
6,0.5,1.0,300,6084,0.4417,0.0008,50,54.6664,SaNGreeA,4
6,0.5,1.0,500,36254,0.4561,0.0002,83,370.6581,SaNGreeA,4
6,0.5,0.5,100,362,0.518,0.0346,16,3.7599,SaNGreeA,4
6,0.5,0.5,300,6084,0.4332,0.001,50,54.8286,SaNGreeA,4
6,0.5,0.5,500,36254,0.4508,0.0002,83,363.3803,SaNGreeA,4
6,1.0,1.0,100,362,0.518,0.0346,16,3.6986,SaNGreeA,4
6,1.0,1.0,300,6084,0.4332,0.001,50,53.2451,SaNGreeA,4
6,1.0,1.0,500,36254,0.4508,0.0002,83,360.7661,SaNGreeA,4
8,1.0,0.0,100,362,0.4284,0.093,12,3.9977,SaNGreeA,4
8,1.0,0.0,300,6084,0.2827,0.0188,37,62.316,SaNGreeA,4
8,1.0,0.0,500,36254,0.2214,0.0186,62,451.0803,SaNGreeA,4
8,1.0,0.5,100,362,0.4873,0.084,12,4.0482,SaNGreeA,4
8,1.0,0.5,300,6084,0.4227,0.0021,37,65.6541,SaNGreeA,4
8,1.0,0.5,500,36254,0.465,0.0005,62,493.734,SaNGreeA,4
8,0.5,1.0,100,362,0.522,0.0762,12,4.4817,SaNGreeA,4
8,0.5,1.0,300,6084,0.5754,0.0022,37,70.6155,SaNGreeA,4
8,0.5,1.0,500,36254,0.5473,0.0005,62,503.8993,SaNGreeA,4
8,0.5,0.5,100,362,0.522,0.0762,12,4.3787,SaNGreeA,4
8,0.5,0.5,300,6084,0.5352,0.0021,37,70.1407,SaNGreeA,4
8,0.5,0.5,500,36254,0.5284,0.0006,62,504.058,SaNGreeA,4
8,1.0,1.0,100,362,0.522,0.0762,12,4.377,SaNGreeA,4
8,1.0,1.0,300,6084,0.5352,0.0021,37,70.2446,SaNGreeA,4
8,1.0,1.0,500,36254,0.5284,0.0006,62,503.8195,SaNGreeA,4
10,1.0,0.0,100,362,0.3772,0.1365,10,4.3528,SaNGreeA,4
10,1.0,0.0,300,6084,0.3043,0.0389,30,74.1572,SaNGreeA,4
10,1.0,0.0,500,36254,0.2266,0.0337,50,574.7717,SaNGreeA,4
10,1.0,0.5,100,362,0.4243,0.1244,10,4.3634,SaNGreeA,4
10,1.0,0.5,300,6084,0.4526,0.0195,30,80.4171,SaNGreeA,4
10,1.0,0.5,500,36254,0.4585,0.0006,50,618.7616,SaNGreeA,4
10,0.5,1.0,100,362,0.5572,0.1212,10,4.4278,SaNGreeA,4
10,0.5,1.0,300,6084,0.6143,0.0196,30,80.9516,SaNGreeA,4
10,0.5,1.0,500,36254,0.5948,0.0006,50,618.7106,SaNGreeA,4
10,0.5,0.5,100,362,0.508,0.1213,10,4.4432,SaNGreeA,4
10,0.5,0.5,300,6084,0.5731,0.0198,30,81.591,SaNGreeA,4
10,0.5,0.5,500,36254,0.5192,0.0007,50,616.8902,SaNGreeA,4
10,1.0,1.0,100,362,0.508,0.1213,10,4.582,SaNGreeA,4
10,1.0,1.0,300,6084,0.5731,0.0198,30,81.6593,SaNGreeA,4
10,1.0,1.0,500,36254,0.5192,0.0007,50,616.0505,SaNGreeA,4
2,1.0,0.0,100,362,0.074,0.0,50,0.8031,Precision,4
2,1.0,0.0,300,6084,0.0567,0.0001,150,15.5336,Precision,4
2,1.0,0.0,500,36254,0.0555,0.0,250,131.418,Precision,4
2,1.0,0.5,100,362,0.0746,0.0,50,0.7898,Precision,4
2,1.0,0.5,300,6084,0.0651,0.0,150,14.1801,Precision,4
2,1.0,0.5,500,36254,0.0589,0.0,250,110.885,Precision,4
2,0.5,1.0,100,362,0.0801,0.0,50,0.7779,Precision,4
2,0.5,1.0,300,6084,0.0825,0.0,150,13.361,Precision,4
2,0.5,1.0,500,36254,0.0873,0.0,250,105.1358,Precision,4
2,0.5,0.5,100,362,0.0791,0.0,50,0.785,Precision,4
2,0.5,0.5,300,6084,0.0726,0.0,150,13.6351,Precision,4
2,0.5,0.5,500,36254,0.0734,0.0,250,106.1251,Precision,4
2,1.0,1.0,100,362,0.0791,0.0,50,0.7668,Precision,4
2,1.0,1.0,300,6084,0.0726,0.0,150,13.5607,Precision,4
2,1.0,1.0,500,36254,0.0734,0.0,250,106.0269,Precision,4
4,1.0,0.0,100,362,0.1996,0.0096,25,1.3609,Precision,4
4,1.0,0.0,300,6084,0.1488,0.002,75,33.8744,Precision,4
4,1.0,0.0,500,36254,0.1289,0.0027,125,300.1892,Precision,4
4,1.0,0.5,100,362,0.1695,0.011,25,1.3642,Precision,4
4,1.0,0.5,300,6084,0.1594,0.0025,75,31.08,Precision,4
4,1.0,0.5,500,36254,0.1522,0.0007,125,268.5576,Precision,4
4,0.5,1.0,100,362,0.1795,0.0102,25,1.3678,Precision,4
4,0.5,1.0,300,6084,0.1869,0.0005,75,29.0002,Precision,4
4,0.5,1.0,500,36254,0.1938,0.0001,125,249.5617,Precision,4
4,0.5,0.5,100,362,0.1747,0.0107,25,1.3517,Precision,4
4,0.5,0.5,300,6084,0.1688,0.0014,75,30.0494,Precision,4
4,0.5,0.5,500,36254,0.1696,0.0005,125,256.0634,Precision,4
4,1.0,1.0,100,362,0.1747,0.0107,25,1.3625,Precision,4
4,1.0,1.0,300,6084,0.1688,0.0014,75,29.8684,Precision,4
4,1.0,1.0,500,36254,0.1696,0.0005,125,254.0111,Precision,4
6,1.0,0.0,100,362,0.3344,0.0482,16,1.9573,Precision,4
6,1.0,0.0,300,6084,0.2063,0.0079,50,46.946,Precision,4
6,1.0,0.0,500,36254,0.1708,0.0084,83,445.258,Precision,4
6,1.0,0.5,100,362,0.3559,0.0405,16,1.9871,Precision,4
6,1.0,0.5,300,6084,0.2129,0.0088,50,45.4465,Precision,4
6,1.0,0.5,500,36254,0.2332,0.0021,83,557.3015,Precision,4
6,0.5,1.0,100,362,0.3692,0.0384,16,1.9747,Precision,4
6,0.5,1.0,300,6084,0.277,0.0008,50,42.5537,Precision,4
6,0.5,1.0,500,36254,0.2842,0.0002,83,386.1616,Precision,4
6,0.5,0.5,100,362,0.3582,0.0369,16,1.9676,Precision,4
6,0.5,0.5,300,6084,0.2322,0.0037,50,43.6486,Precision,4
6,0.5,0.5,500,36254,0.2582,0.0008,83,390.9766,Precision,4
6,1.0,1.0,100,362,0.3582,0.0369,16,1.9599,Precision,4
6,1.0,1.0,300,6084,0.2322,0.0037,50,43.5944,Precision,4
6,1.0,1.0,500,36254,0.2582,0.0008,83,392.7918,Precision,4
8,1.0,0.0,100,362,0.4367,0.0964,12,2.3108,Precision,4
8,1.0,0.0,300,6084,0.2959,0.0188,37,58.9717,Precision,4
8,1.0,0.0,500,36254,0.2111,0.0186,62,580.3595,Precision,4
8,1.0,0.5,100,362,0.4092,0.0826,12,2.3537,Precision,4
8,1.0,0.5,300,6084,0.3201,0.0172,37,59.966,Precision,4
8,1.0,0.5,500,36254,0.3086,0.0054,62,545.1772,Precision,4
8,0.5,1.0,100,362,0.4526,0.0882,12,2.3511,Precision,4
8,0.5,1.0,300,6084,0.3716,0.0012,37,56.5861,Precision,4
8,0.5,1.0,500,36254,0.3621,0.0002,62,518.7314,Precision,4
8,0.5,0.5,100,362,0.4118,0.0801,12,2.3572,Precision,4
8,0.5,0.5,300,6084,0.3365,0.0122,37,57.1687,Precision,4
8,0.5,0.5,500,36254,0.3276,0.0019,62,522.5127,Precision,4
8,1.0,1.0,100,362,0.4118,0.0801,12,2.3558,Precision,4
8,1.0,1.0,300,6084,0.3365,0.0122,37,58.0296,Precision,4
8,1.0,1.0,500,36254,0.3276,0.0019,62,1131.7029,Precision,4
10,1.0,0.0,100,362,0.3617,0.1346,10,2.4252,Precision,4
10,1.0,0.0,300,6084,0.2887,0.0376,30,71.1119,Precision,4
10,1.0,0.0,500,36254,0.2302,0.0343,50,724.9888,Precision,4
10,1.0,0.5,100,362,0.3605,0.1352,10,2.4628,Precision,4
10,1.0,0.5,300,6084,0.3487,0.043,30,71.3932,Precision,4
10,1.0,0.5,500,36254,0.3229,0.009,50,675.8365,Precision,4
10,0.5,1.0,100,362,0.4273,0.1318,10,2.5139,Precision,4
10,0.5,1.0,300,6084,0.3775,0.0173,30,67.5753,Precision,4
10,0.5,1.0,500,36254,0.3842,0.0001,50,975.6781,Precision,4
10,0.5,0.5,100,362,0.3792,0.1347,10,2.475,Precision,4
10,0.5,0.5,300,6084,0.3476,0.0261,30,69.4495,Precision,4
10,0.5,0.5,500,36254,0.3697,0.0066,50,652.594,Precision,4
10,1.0,1.0,100,362,0.3792,0.1347,10,2.47,Precision,4
10,1.0,1.0,300,6084,0.3476,0.0261,30,69.0079,Precision,4
10,1.0,1.0,500,36254,0.3697,0.0066,50,651.2809,Precision,4
2,1.0,0.0,100,362,0.343,0.0,50,0.39,Discernibility,4
2,1.0,0.0,300,6084,0.3647,0.0001,150,11.8041,Discernibility,4
2,1.0,0.0,500,36254,0.3604,0.0,250,121.2667,Discernibility,4
2,1.0,0.5,100,362,0.3396,0.0,50,0.3589,Discernibility,4
2,1.0,0.5,300,6084,0.3485,0.0,150,9.4356,Discernibility,4
2,1.0,0.5,500,36254,0.3669,0.0,250,92.8871,Discernibility,4
2,0.5,1.0,100,362,0.3396,0.0,50,0.359,Discernibility,4
2,0.5,1.0,300,6084,0.3485,0.0,150,9.4161,Discernibility,4
2,0.5,1.0,500,36254,0.3669,0.0,250,93.1399,Discernibility,4
2,0.5,0.5,100,362,0.3396,0.0,50,0.3584,Discernibility,4
2,0.5,0.5,300,6084,0.3485,0.0,150,9.4326,Discernibility,4
2,0.5,0.5,500,36254,0.3669,0.0,250,93.285,Discernibility,4
2,1.0,1.0,100,362,0.3396,0.0,50,0.359,Discernibility,4
2,1.0,1.0,300,6084,0.3485,0.0,150,9.4298,Discernibility,4
2,1.0,1.0,500,36254,0.3669,0.0,250,92.9074,Discernibility,4
4,1.0,0.0,100,362,0.5826,0.0071,25,0.7262,Discernibility,4
4,1.0,0.0,300,6084,0.5881,0.0027,75,27.6692,Discernibility,4
4,1.0,0.0,500,36254,0.6054,0.0026,125,285.9663,Discernibility,4
4,1.0,0.5,100,362,0.5882,0.0065,25,0.7156,Discernibility,4
4,1.0,0.5,300,6084,0.5956,0.0001,75,22.7976,Discernibility,4
4,1.0,0.5,500,36254,0.5993,0.0,125,231.3216,Discernibility,4
4,0.5,1.0,100,362,0.5882,0.0065,25,0.7123,Discernibility,4
4,0.5,1.0,300,6084,0.5956,0.0001,75,22.7629,Discernibility,4
4,0.5,1.0,500,36254,0.5993,0.0,125,230.9838,Discernibility,4
4,0.5,0.5,100,362,0.5882,0.0065,25,0.7179,Discernibility,4
4,0.5,0.5,300,6084,0.5956,0.0001,75,22.9162,Discernibility,4
4,0.5,0.5,500,36254,0.5993,0.0,125,231.4906,Discernibility,4
4,1.0,1.0,100,362,0.5882,0.0065,25,0.7136,Discernibility,4
4,1.0,1.0,300,6084,0.5956,0.0001,75,22.8247,Discernibility,4
4,1.0,1.0,500,36254,0.5993,0.0,125,231.2436,Discernibility,4
6,1.0,0.0,100,362,0.7265,0.0381,16,1.2612,Discernibility,4
6,1.0,0.0,300,6084,0.7139,0.0082,50,40.6776,Discernibility,4
6,1.0,0.0,500,36254,0.7177,0.0073,83,428.0717,Discernibility,4
6,1.0,0.5,100,362,0.7035,0.0321,16,1.2537,Discernibility,4
6,1.0,0.5,300,6084,0.7321,0.0,50,35.4359,Discernibility,4
6,1.0,0.5,500,36254,0.7124,0.0001,83,363.9117,Discernibility,4
6,0.5,1.0,100,362,0.7111,0.0299,16,1.2574,Discernibility,4
6,0.5,1.0,300,6084,0.7321,0.0,50,35.7454,Discernibility,4
6,0.5,1.0,500,36254,0.7125,0.0001,83,396.7774,Discernibility,4
6,0.5,0.5,100,362,0.7111,0.0299,16,1.2535,Discernibility,4
6,0.5,0.5,300,6084,0.7321,0.0,50,35.1842,Discernibility,4
6,0.5,0.5,500,36254,0.7124,0.0001,83,360.0776,Discernibility,4
6,1.0,1.0,100,362,0.7111,0.0299,16,1.2515,Discernibility,4
6,1.0,1.0,300,6084,0.7321,0.0,50,35.0369,Discernibility,4
6,1.0,1.0,500,36254,0.7124,0.0001,83,362.5464,Discernibility,4
8,1.0,0.0,100,362,0.7648,0.0998,12,1.584,Discernibility,4
8,1.0,0.0,300,6084,0.773,0.0219,37,53.336,Discernibility,4
8,1.0,0.0,500,36254,0.7841,0.0154,62,1055.3938,Discernibility,4
8,1.0,0.5,100,362,0.7479,0.0631,12,1.5906,Discernibility,4
8,1.0,0.5,300,6084,0.7783,0.0005,37,48.1353,Discernibility,4
8,1.0,0.5,500,36254,0.7788,0.0004,62,486.8467,Discernibility,4
8,0.5,1.0,100,362,0.7479,0.0631,12,1.5662,Discernibility,4
8,0.5,1.0,300,6084,0.7835,0.0005,37,48.1485,Discernibility,4
8,0.5,1.0,500,36254,0.7754,0.0004,62,710.9269,Discernibility,4
8,0.5,0.5,100,362,0.7479,0.0631,12,1.6487,Discernibility,4
8,0.5,0.5,300,6084,0.7835,0.0005,37,52.6493,Discernibility,4
8,0.5,0.5,500,36254,0.7786,0.0004,62,522.8312,Discernibility,4
8,1.0,1.0,100,362,0.7479,0.0631,12,1.6397,Discernibility,4
8,1.0,1.0,300,6084,0.7835,0.0005,37,49.6694,Discernibility,4
8,1.0,1.0,500,36254,0.7786,0.0004,62,508.806,Discernibility,4
10,1.0,0.0,100,362,0.7974,0.1336,10,1.6771,Discernibility,4
10,1.0,0.0,300,6084,0.8078,0.0425,30,64.3335,Discernibility,4
10,1.0,0.0,500,36254,0.8082,0.0332,50,681.4295,Discernibility,4
10,1.0,0.5,100,362,0.8012,0.1064,10,1.6456,Discernibility,4
10,1.0,0.5,300,6084,0.8201,0.0167,30,60.6183,Discernibility,4
10,1.0,0.5,500,36254,0.8276,0.0004,50,617.8397,Discernibility,4
10,0.5,1.0,100,362,0.8012,0.1064,10,1.6399,Discernibility,4
10,0.5,1.0,300,6084,0.8201,0.0167,30,60.1778,Discernibility,4
10,0.5,1.0,500,36254,0.8276,0.0004,50,617.2629,Discernibility,4
10,0.5,0.5,100,362,0.8012,0.1064,10,1.6433,Discernibility,4
10,0.5,0.5,300,6084,0.8201,0.0167,30,60.0552,Discernibility,4
10,0.5,0.5,500,36254,0.8276,0.0004,50,610.9145,Discernibility,4
10,1.0,1.0,100,362,0.8012,0.1064,10,1.6265,Discernibility,4
10,1.0,1.0,300,6084,0.8201,0.0167,30,59.6089,Discernibility,4
10,1.0,1.0,500,36254,0.8276,0.0004,50,613.0284,Discernibility,4
2,1.0,0.0,100,362,0.103,0.0,50,0.867,Entropy,4
2,1.0,0.0,300,6084,0.0931,0.0001,150,16.0534,Entropy,4
2,1.0,0.0,500,36254,0.0804,0.0,250,134.9169,Entropy,4
2,1.0,0.5,100,362,0.1043,0.0,50,0.8385,Entropy,4
2,1.0,0.5,300,6084,0.084,0.0001,150,15.7644,Entropy,4
2,1.0,0.5,500,36254,0.0886,0.0,250,121.4815,Entropy,4
2,0.5,1.0,100,362,0.1043,0.0,50,0.8404,Entropy,4
2,0.5,1.0,300,6084,0.084,0.0001,150,15.2866,Entropy,4
2,0.5,1.0,500,36254,0.0886,0.0,250,120.1258,Entropy,4
2,0.5,0.5,100,362,0.1043,0.0,50,0.8315,Entropy,4
2,0.5,0.5,300,6084,0.084,0.0001,150,15.2492,Entropy,4
2,0.5,0.5,500,36254,0.0886,0.0,250,121.3659,Entropy,4
2,1.0,1.0,100,362,0.1043,0.0,50,0.833,Entropy,4
2,1.0,1.0,300,6084,0.084,0.0001,150,15.3692,Entropy,4
2,1.0,1.0,500,36254,0.0886,0.0,250,120.4283,Entropy,4
4,1.0,0.0,100,362,0.2148,0.0096,25,1.7821,Entropy,4
4,1.0,0.0,300,6084,0.2047,0.0026,75,37.1821,Entropy,4
4,1.0,0.0,500,36254,0.1698,0.0027,125,318.1366,Entropy,4
4,1.0,0.5,100,362,0.2208,0.0089,25,1.7733,Entropy,4
4,1.0,0.5,300,6084,0.1963,0.0025,75,36.2304,Entropy,4
4,1.0,0.5,500,36254,0.1721,0.0023,125,304.2102,Entropy,4
4,0.5,1.0,100,362,0.2208,0.0089,25,1.7741,Entropy,4
4,0.5,1.0,300,6084,0.2041,0.0025,75,35.9885,Entropy,4
4,0.5,1.0,500,36254,0.1764,0.0018,125,301.7595,Entropy,4
4,0.5,0.5,100,362,0.2208,0.0089,25,1.8169,Entropy,4
4,0.5,0.5,300,6084,0.1961,0.0025,75,37.5061,Entropy,4
4,0.5,0.5,500,36254,0.1726,0.0022,125,310.9627,Entropy,4
4,1.0,1.0,100,362,0.2208,0.0089,25,1.7666,Entropy,4
4,1.0,1.0,300,6084,0.1961,0.0025,75,36.2436,Entropy,4
4,1.0,1.0,500,36254,0.1726,0.0022,125,302.3276,Entropy,4
6,1.0,0.0,100,362,0.412,0.0499,16,2.791,Entropy,4
6,1.0,0.0,300,6084,0.2788,0.007,50,54.3175,Entropy,4
6,1.0,0.0,500,36254,0.2365,0.0076,83,471.8079,Entropy,4
6,1.0,0.5,100,362,0.3812,0.0462,16,2.7883,Entropy,4
6,1.0,0.5,300,6084,0.2761,0.0066,50,55.3663,Entropy,4
6,1.0,0.5,500,36254,0.2335,0.008,83,1447.8014,Entropy,4
6,0.5,1.0,100,362,0.405,0.0487,16,2.7682,Entropy,4
6,0.5,1.0,300,6084,0.2653,0.0062,50,1022.9193,Entropy,4
6,0.5,1.0,500,36254,0.248,0.0068,83,5318.2221,Entropy,4
6,0.5,0.5,100,362,0.3812,0.0462,16,2.7753,Entropy,4
6,0.5,0.5,300,6084,0.2693,0.0061,50,56.737,Entropy,4
6,0.5,0.5,500,36254,0.2505,0.0076,83,482.2705,Entropy,4
6,1.0,1.0,100,362,0.3812,0.0462,16,2.7803,Entropy,4
6,1.0,1.0,300,6084,0.2693,0.0061,50,56.0642,Entropy,4
6,1.0,1.0,500,36254,0.2505,0.0076,83,473.4793,Entropy,4
8,1.0,0.0,100,362,0.4872,0.0946,12,3.6389,Entropy,4
8,1.0,0.0,300,6084,0.374,0.0233,37,71.2607,Entropy,4
8,1.0,0.0,500,36254,0.2901,0.0156,62,611.7715,Entropy,4
8,1.0,0.5,100,362,0.4785,0.0929,12,3.6325,Entropy,4
8,1.0,0.5,300,6084,0.3735,0.019,37,73.2513,Entropy,4
8,1.0,0.5,500,36254,0.2992,0.0173,62,627.2213,Entropy,4
8,0.5,1.0,100,362,0.4635,0.0882,12,3.6129,Entropy,4
8,0.5,1.0,300,6084,0.3472,0.0189,37,72.7847,Entropy,4
8,0.5,1.0,500,36254,0.3091,0.0167,62,628.2647,Entropy,4
8,0.5,0.5,100,362,0.463,0.0891,12,3.6108,Entropy,4
8,0.5,0.5,300,6084,0.3498,0.019,37,73.4254,Entropy,4
8,0.5,0.5,500,36254,0.2997,0.0167,62,631.717,Entropy,4
8,1.0,1.0,100,362,0.463,0.0891,12,3.6583,Entropy,4
8,1.0,1.0,300,6084,0.3498,0.019,37,73.7298,Entropy,4
8,1.0,1.0,500,36254,0.2997,0.0167,62,629.4826,Entropy,4
10,1.0,0.0,100,362,0.3841,0.135,10,4.1183,Entropy,4
10,1.0,0.0,300,6084,0.35,0.0363,30,86.9646,Entropy,4
10,1.0,0.0,500,36254,0.2764,0.0302,50,751.2842,Entropy,4
10,1.0,0.5,100,362,0.4035,0.1354,10,4.1404,Entropy,4
10,1.0,0.5,300,6084,0.3654,0.0405,30,88.0884,Entropy,4
10,1.0,0.5,500,36254,0.302,0.0338,50,775.7064,Entropy,4
10,0.5,1.0,100,362,0.4035,0.1354,10,4.1032,Entropy,4
10,0.5,1.0,300,6084,0.3608,0.0293,30,89.8993,Entropy,4
10,0.5,1.0,500,36254,0.2896,0.0322,50,775.2272,Entropy,4
10,0.5,0.5,100,362,0.4035,0.1354,10,4.1127,Entropy,4
10,0.5,0.5,300,6084,0.3384,0.0318,30,89.9761,Entropy,4
10,0.5,0.5,500,36254,0.3041,0.0306,50,793.0537,Entropy,4
10,1.0,1.0,100,362,0.4035,0.1354,10,4.13,Entropy,4
10,1.0,1.0,300,6084,0.3384,0.0318,30,90.6848,Entropy,4
10,1.0,1.0,500,36254,0.3041,0.0306,50,785.8196,Entropy,4
2,1.0,0.0,1000,170412,0.068,0.0,500,1969.6495,Entropy,4
2,0.5,0.5,1000,170412,0.0692,0.0,500,3839.2469,Entropy,4
6,1.0,0.0,1000,170412,0.1936,0.0032,166,8413.5622,Entropy,4
6,1.0,0.0,1000,170412,0.1936,0.0032,166,6935.3656,Entropy,4
6,1.0,0.0,1000,170412,0.1239,0.0032,166,4579.6281,SaNGreeA,4
6,0.5,0.5,1000,170412,0.3861,0.0001,166,6779.1856,SaNGreeA,4
6,1.0,0.0,1000,170412,0.1949,0.0034,166,6853.0235,Classification_Metric,4
3,1.0,0.0,100,362,0.5052,0.0127,33,3.9093,Modularity,4
3,1.0,0.0,100,362,0.5052,0.0127,33,3.9042,Modularity,4
3,1.0,0.0,100,362,0.5052,0.0127,33,3.8808,Modularity,4
3,1.0,0.0,100,362,0.514,0.0079,33,3.7814,Modularity,4
4,1.0,0.0,100,362,0.5992,0.0152,25,4.2081,Modularity,4
4,0.5,0.5,100,362,0.5385,0.0156,25,4.3207,Modularity,4
4,0.5,0.5,100,362,0.5804,0.0132,25,4.2352,Modularity,4
4,0.5,0.5,100,362,0.5804,0.0132,25,4.2525,Modularity,4
4,0.5,0.5,100,362,0.5698,0.0132,25,4.2958,Modularity,4
4,0.5,0.5,100,362,0.5804,0.0132,25,4.352,Modularity,4
4,0.5,0.5,100,362,0.5804,0.0132,25,4.3476,Modularity,4
4,0.5,0.5,100,362,0.5804,0.0132,25,4.332,Modularity,4
4,0.5,0.5,100,362,0.5804,0.0132,25,4.3838,Modularity,4
4,0.5,0.5,100,362,0.5698,0.0132,25,4.3782,Modularity,4
4,0.5,0.5,100,362,0.5742,0.0132,25,4.3851,Modularity,4
4,0.5,0.5,100,362,0.5742,0.0132,25,4.3364,Modularity,4
4,0.5,0.5,100,362,0.5914,0.0144,25,4.7975,Modularity,4
4,0.5,0.5,100,362,0.5666,0.0132,25,4.3169,Modularity,4
4,0.5,0.5,100,362,0.5914,0.0144,25,4.768,Modularity,4
6,0.5,0.5,1000,170412,0.1972,0.0032,166,5736.8646,Classification_Metric,4
4,0.5,0.5,100,362,0.6115,0.0117,25,5.0264,Silhouette,4
4,0.5,0.5,100,362,0.6115,0.0117,25,4.9935,Silhouette,4
4,0.5,0.5,100,362,0.6115,0.0117,25,4.931,Silhouette,4
4,0.5,0.5,100,362,0.6181,0.0117,25,4.9391,Silhouette,4
4,0.5,0.5,100,362,0.6181,0.0117,25,4.9833,Silhouette,4
2,1.0,0.0,100,362,0.3532,0.0006,50,3.027,Modularity,4
2,1.0,0.0,300,6084,0.3598,0.0001,150,178.2529,Modularity,4
4,0.5,0.5,100,362,0.5808,0.0156,25,3.6737,Graph_Performance,4
2,1.0,0.0,500,36254,0.3508,0.0,250,1926.9515,Modularity,4
2,1.0,0.5,100,362,0.3297,0.0,50,3.0246,Modularity,4
2,1.0,0.5,300,6084,0.3492,0.0,150,188.6497,Modularity,4
2,1.0,0.5,500,36254,0.3553,0.0,250,2224.3939,Modularity,4
2,0.5,1.0,100,362,0.3733,0.0,50,3.0498,Modularity,4
2,0.5,1.0,300,6084,0.3515,0.0,150,190.908,Modularity,4
2,0.5,1.0,500,36254,0.3553,0.0,250,2225.0993,Modularity,4
2,0.5,0.5,100,362,0.3383,0.0,50,3.0496,Modularity,4
2,0.5,0.5,300,6084,0.3492,0.0,150,189.1301,Modularity,4
2,0.5,0.5,500,36254,0.3553,0.0,250,3760.0884,Modularity,4
2,1.0,1.0,100,362,0.3383,0.0,50,3.101,Modularity,4
2,1.0,1.0,300,6084,0.3492,0.0,150,193.5624,Modularity,4
2,1.0,1.0,500,36254,0.3553,0.0,250,4956.2967,Modularity,4
4,1.0,0.0,300,6084,0.6087,0.0049,75,274.1922,Modularity,4
4,1.0,0.0,500,36254,0.6038,0.0019,125,4953.2295,Modularity,4
4,1.0,0.5,100,362,0.6071,0.0138,25,12.3508,Modularity,4
4,1.0,0.5,300,6084,0.6085,0.0028,75,3091.4007,Modularity,4
4,1.0,0.5,500,36254,0.6107,0.0009,125,3848.9003,Modularity,4
4,0.5,1.0,500,36254,0.6101,0.001,125,3848.3668,Modularity,4
4,0.5,0.5,500,36254,0.6107,0.0009,125,6327.1812,Modularity,4
4,1.0,1.0,500,36254,0.6107,0.0009,125,8149.8237,Modularity,4
4,0.5,1.0,100,362,0.5871,0.0148,25,4.4964,Modularity,4
4,0.5,1.0,300,6084,0.6098,0.0026,75,314.8237,Modularity,4
4,0.5,0.5,100,362,0.5914,0.0144,25,4.4732,Modularity,4
4,0.5,0.5,300,6084,0.6085,0.0028,75,312.3896,Modularity,4
4,1.0,1.0,100,362,0.5914,0.0144,25,4.4669,Modularity,4
4,1.0,1.0,300,6084,0.6085,0.0028,75,315.53,Modularity,4
6,1.0,0.0,100,362,0.6881,0.0406,16,5.2114,Modularity,4
6,1.0,0.0,300,6084,0.7236,0.0127,50,328.383,Modularity,4
6,1.0,0.5,100,362,0.7086,0.0438,16,5.3295,Modularity,4
6,1.0,0.5,300,6084,0.7348,0.0052,50,386.7541,Modularity,4
6,0.5,1.0,100,362,0.7209,0.0498,16,5.3186,Modularity,4
6,0.5,1.0,300,6084,0.73,0.0049,50,573.5154,Modularity,4
6,1.0,1.0,100,362,0.7176,0.0545,16,5.3006,Modularity,4
6,1.0,1.0,300,6084,0.7243,0.0052,50,386.9763,Modularity,4
8,1.0,0.0,100,362,0.7842,0.09,12,5.6112,Modularity,4
8,1.0,0.0,300,6084,0.7857,0.0348,37,392.969,Modularity,4
8,1.0,0.5,100,362,0.7623,0.0774,12,5.8137,Modularity,4
8,1.0,0.5,300,6084,0.7849,0.0072,37,455.1544,Modularity,4
8,0.5,1.0,100,362,0.7372,0.0672,12,5.8161,Modularity,4
8,0.5,1.0,300,6084,0.7862,0.0068,37,1524.3443,Modularity,4
8,1.0,1.0,100,362,0.749,0.0807,12,5.768,Modularity,4
8,1.0,1.0,300,6084,0.7849,0.0072,37,453.7412,Modularity,4
10,1.0,0.0,100,362,0.8129,0.1137,10,5.7219,Modularity,4
10,1.0,0.0,300,6084,0.8336,0.0475,30,469.9246,Modularity,4
10,1.0,0.5,100,362,0.7991,0.1055,10,6.01,Modularity,4
10,0.5,1.0,100,362,0.7994,0.1049,10,6.006,Modularity,4
10,0.5,1.0,300,6084,0.8027,0.0249,30,527.4321,Modularity,4
10,1.0,1.0,100,362,0.7825,0.1061,10,5.9723,Modularity,4
10,1.0,1.0,300,6084,0.8226,0.0249,30,525.8155,Modularity,4
2,1.0,0.0,1000,170412,0.0337,0.0,500,2199.3118,Normalized_Certainty_Penalty,4
2,1.0,0.5,1000,170412,0.0413,0.0,500,1863.5493,Normalized_Certainty_Penalty,4
2,0.5,1.0,1000,170412,0.0529,0.0,500,1853.8828,Normalized_Certainty_Penalty,4
2,0.5,0.5,1000,170412,0.0416,0.0,500,2058.1813,Normalized_Certainty_Penalty,4
2,1.0,1.0,1000,170412,0.0416,0.0,500,2032.9555,Normalized_Certainty_Penalty,4
4,1.0,0.0,1000,170412,0.0959,0.0014,250,5628.0714,Normalized_Certainty_Penalty,4
4,1.0,0.5,1000,170412,0.1073,0.0006,250,5158.1157,Normalized_Certainty_Penalty,4
4,0.5,1.0,1000,170412,0.1474,0.0001,250,4803.5041,Normalized_Certainty_Penalty,4
4,0.5,0.5,1000,170412,0.1131,0.0005,250,5060.5803,Normalized_Certainty_Penalty,4
4,1.0,1.0,1000,170412,0.1131,0.0005,250,5047.653,Normalized_Certainty_Penalty,4
6,1.0,0.0,1000,170412,0.1456,0.0032,166,8587.1041,Normalized_Certainty_Penalty,4
2,1.0,0.0,1000,170412,0.0337,0.0,500,2182.8831,Normalized_Certainty_Penalty,4
6,1.0,0.0,1000,170412,0.1456,0.0032,166,8286.5909,Normalized_Certainty_Penalty,4
6,0.5,0.5,1000,170412,0.1824,0.0014,166,7647.9234,Normalized_Certainty_Penalty,4
6,1.0,0.0,1000,170412,0.1292,0.0032,166,8222.2866,Precision,4
6,1.0,0.0,1000,170412,0.6965,0.0036,166,7656.2226,Discernibility,4
6,0.5,0.5,1000,170412,0.7167,0.0002,166,6692.1705,Discernibility,4
6,0.5,0.5,1000,170412,0.2228,0.0002,166,7062.5345,Precision,4
6,1.0,0.0,500,36254,0.708,0.0041,83,3438.562,Modularity,4
5,1.0,0.0,100,362,0.332,0.0207,20,4.0023,Purity,4
6,1.0,0.5,500,36254,0.7156,0.0019,83,5097.1507,Modularity,4
6,0.5,1.0,500,36254,0.7155,0.0019,83,5073.6529,Modularity,4
6,1.0,1.0,500,36254,0.7155,0.0019,83,6108.501,Modularity,4
8,1.0,0.0,500,36254,0.7856,0.0082,62,5229.628,Modularity,4
8,1.0,0.5,500,36254,0.7708,0.0027,62,10513.0971,Modularity,4
2,1.0,0.0,100,362,0.103,0.0,50,0.4577,Purity,4
2,1.0,0.0,300,6084,0.0931,0.0001,150,11.9351,Purity,4
2,1.0,0.0,500,36254,0.0804,0.0,250,121.4554,Purity,4
2,1.0,0.5,100,362,0.1092,0.0,50,0.3759,Purity,4
2,1.0,0.5,300,6084,0.084,0.0001,150,11.33,Purity,4
2,1.0,0.5,500,36254,0.0913,0.0,250,109.5467,Purity,4
2,0.5,1.0,100,362,0.0989,0.0,50,0.377,Purity,4
2,0.5,1.0,300,6084,0.109,0.0,150,9.912,Purity,4
2,0.5,1.0,500,36254,0.1122,0.0,250,96.3556,Purity,4
2,1.0,1.0,100,362,0.1092,0.0,50,0.3703,Purity,4
2,1.0,1.0,300,6084,0.0988,0.0,150,10.0937,Purity,4
2,1.0,1.0,500,36254,0.0966,0.0,250,99.8927,Purity,4
4,1.0,0.0,100,362,0.2281,0.0101,25,0.7613,Purity,4
4,1.0,0.0,300,6084,0.2326,0.0023,75,28.0291,Purity,4
4,1.0,0.0,500,36254,0.1987,0.0028,125,301.1373,Purity,4
4,1.0,0.5,100,362,0.2355,0.01,25,0.7578,Purity,4
4,1.0,0.5,300,6084,0.24,0.0018,75,26.5561,Purity,4
4,1.0,0.5,500,36254,0.233,0.0004,125,261.7873,Purity,4
4,0.5,1.0,100,362,0.2788,0.0082,25,0.751,Purity,4
4,0.5,1.0,300,6084,0.2518,0.0003,75,23.8003,Purity,4
4,0.5,1.0,500,36254,0.2703,0.0001,125,238.8653,Purity,4
4,1.0,1.0,100,362,0.2355,0.01,25,0.7523,Purity,4
4,1.0,1.0,300,6084,0.2592,0.0004,75,24.1351,Purity,4
4,1.0,1.0,500,36254,0.2663,0.0001,125,244.7149,Purity,4
6,1.0,0.0,100,362,0.4764,0.0431,16,1.2969,Purity,4
6,1.0,0.0,300,6084,0.3013,0.008,50,41.5163,Purity,4
6,1.0,0.0,500,36254,0.2801,0.0078,83,436.647,Purity,4
6,1.0,0.5,100,362,0.3929,0.0412,16,1.2952,Purity,4
6,1.0,0.5,300,6084,0.3398,0.0057,50,39.4964,Purity,4
6,1.0,0.5,500,36254,0.3492,0.0016,83,393.6573,Purity,4
6,0.5,1.0,100,362,0.4315,0.0353,16,1.2902,Purity,4
6,0.5,1.0,300,6084,0.3613,0.0005,50,35.9403,Purity,4
6,0.5,1.0,500,36254,0.3938,0.0,83,919.9875,Purity,4
6,1.0,1.0,100,362,0.4403,0.0412,16,1.2874,Purity,4
6,1.0,1.0,300,6084,0.3783,0.0033,50,36.3519,Purity,4
6,1.0,1.0,500,36254,0.3898,0.0002,83,376.5123,Purity,4
8,1.0,0.0,100,362,0.5473,0.0926,12,1.6029,Purity,4
8,1.0,0.0,300,6084,0.3978,0.019,37,53.4303,Purity,4
8,1.0,0.0,500,36254,0.385,0.0183,62,553.6665,Purity,4
8,1.0,0.5,100,362,0.5562,0.0885,12,1.6263,Purity,4
8,1.0,0.5,300,6084,0.4812,0.0159,37,54.1926,Purity,4
8,1.0,0.5,500,36254,0.4455,0.0046,62,754.6737,Purity,4
8,0.5,1.0,100,362,0.5967,0.0853,12,1.6444,Purity,4
8,0.5,1.0,300,6084,0.5088,0.001,37,49.1676,Purity,4
8,0.5,1.0,500,36254,0.5148,0.0002,62,496.0087,Purity,4
8,1.0,1.0,100,362,0.5666,0.0865,12,1.629,Purity,4
8,1.0,1.0,300,6084,0.5087,0.014,37,50.7599,Purity,4
8,1.0,1.0,500,36254,0.4757,0.002,62,501.3015,Purity,4
10,1.0,0.0,100,362,0.5015,0.1355,10,1.6701,Purity,4
10,1.0,0.0,300,6084,0.4215,0.0411,30,65.4869,Purity,4
10,1.0,0.0,500,36254,0.3834,0.0322,50,673.7028,Purity,4
10,1.0,0.5,100,362,0.563,0.1294,10,1.7176,Purity,4
10,1.0,0.5,300,6084,0.4784,0.0276,30,65.4296,Purity,4
10,1.0,0.5,500,36254,0.4655,0.0087,50,650.0363,Purity,4
10,0.5,1.0,100,362,0.58,0.1275,10,1.696,Purity,4
10,0.5,1.0,300,6084,0.4985,0.0168,30,60.2139,Purity,4
10,0.5,1.0,500,36254,0.5357,0.0004,50,619.7667,Purity,4
10,1.0,1.0,100,362,0.5458,0.1294,10,1.7107,Purity,4
10,1.0,1.0,300,6084,0.5227,0.0242,30,61.4048,Purity,4
10,1.0,1.0,500,36254,0.5389,0.0008,50,1041.4446,Purity,4
2,1.0,0.0,1000,170412,0.068,0.0,500,2456.4152,Purity,4
2,1.0,0.5,1000,170412,0.0706,0.0,500,1683.5477,Purity,4
2,0.5,1.0,1000,170412,0.1081,0.0,500,1505.6905,Purity,4
2,1.0,1.0,1000,170412,0.0896,0.0,500,1729.9316,Purity,4
4,1.0,0.0,1000,170412,0.1603,0.0012,250,5859.1945,Purity,4
6,1.0,0.0,1000,170412,0.2411,0.0033,166,16339.5243,Purity,4
2,1.0,0.0,100,362,0.3501,0.0,50,3.5621,Silhouette,4
2,1.0,0.0,300,6084,0.3523,0.0001,150,190.4158,Silhouette,4
2,1.0,0.0,500,36254,0.3749,0.0,250,2236.5034,Silhouette,4
2,1.0,0.5,100,362,0.364,0.0,50,3.6473,Silhouette,4
2,1.0,0.5,300,6084,0.3484,0.0001,150,189.4396,Silhouette,4
2,1.0,0.5,500,36254,0.3633,0.0,250,2326.0168,Silhouette,4
2,0.5,1.0,100,362,0.364,0.0,50,3.6576,Silhouette,4
2,0.5,1.0,300,6084,0.3527,0.0001,150,205.0166,Silhouette,4
2,0.5,1.0,500,36254,0.3484,0.0,250,2420.7022,Silhouette,4
2,0.5,0.5,100,362,0.364,0.0,50,3.6275,Silhouette,4
2,0.5,0.5,300,6084,0.3618,0.0001,150,198.5966,Silhouette,4
2,0.5,0.5,500,36254,0.356,0.0,250,2377.2578,Silhouette,4
2,1.0,1.0,100,362,0.364,0.0,50,3.5616,Silhouette,4
2,1.0,1.0,300,6084,0.3618,0.0001,150,197.2729,Silhouette,4
2,1.0,1.0,500,36254,0.356,0.0,250,2373.4133,Silhouette,4
4,1.0,0.0,100,362,0.5882,0.0096,25,5.4754,Silhouette,4
4,1.0,0.0,300,6084,0.6112,0.0028,75,263.6242,Silhouette,4
4,1.0,0.0,500,36254,0.6158,0.0012,125,3054.8131,Silhouette,4
4,1.0,0.5,100,362,0.6115,0.0117,25,5.4312,Silhouette,4
4,1.0,0.5,300,6084,0.6179,0.0026,75,258.5274,Silhouette,4
4,1.0,0.5,500,36254,0.6101,0.001,125,3187.2399,Silhouette,4
4,0.5,1.0,100,362,0.6181,0.0117,25,5.3552,Silhouette,4
4,0.5,1.0,300,6084,0.5953,0.0025,75,291.0581,Silhouette,4
4,0.5,1.0,500,36254,0.5961,0.0011,125,3591.4569,Silhouette,4
4,0.5,0.5,100,362,0.6181,0.0117,25,5.4461,Silhouette,4
4,0.5,0.5,300,6084,0.6195,0.0021,75,264.5127,Silhouette,4
4,0.5,0.5,500,36254,0.622,0.0011,125,3185.1475,Silhouette,4
4,1.0,1.0,100,362,0.6181,0.0117,25,4.8719,Silhouette,4
4,1.0,1.0,300,6084,0.6195,0.0021,75,246.0755,Silhouette,4
4,1.0,1.0,500,36254,0.622,0.0011,125,3415.2707,Silhouette,4
6,1.0,0.0,100,362,0.7249,0.0431,16,6.8775,Silhouette,4
6,1.0,0.0,300,6084,0.7109,0.0063,50,307.9469,Silhouette,4
6,1.0,0.0,500,36254,0.7219,0.003,83,3393.643,Silhouette,4
6,1.0,0.5,100,362,0.7232,0.0484,16,6.9811,Silhouette,4
6,1.0,0.5,300,6084,0.7211,0.0062,50,294.792,Silhouette,4
6,1.0,0.5,500,36254,0.7082,0.0025,83,3524.9114,Silhouette,4
6,0.5,1.0,100,362,0.7098,0.0363,16,7.0031,Silhouette,4
6,0.5,1.0,300,6084,0.713,0.0049,50,319.8447,Silhouette,4
6,0.5,1.0,500,36254,0.7137,0.0033,83,4018.3429,Silhouette,4
6,0.5,0.5,100,362,0.71,0.0361,16,6.9573,Silhouette,4
6,0.5,0.5,300,6084,0.7077,0.0061,50,291.1408,Silhouette,4
6,0.5,0.5,500,36254,0.7092,0.002,83,3722.2523,Silhouette,4
6,1.0,1.0,100,362,0.71,0.0361,16,6.94,Silhouette,4
6,1.0,1.0,300,6084,0.7077,0.0061,50,291.5335,Silhouette,4
6,1.0,1.0,500,36254,0.7092,0.002,83,3672.8932,Silhouette,4
8,1.0,0.0,100,362,0.7855,0.0903,12,8.3033,Silhouette,4
8,1.0,0.0,300,6084,0.8064,0.0109,37,324.3192,Silhouette,4
8,1.0,0.0,500,36254,0.7826,0.0065,62,3658.1097,Silhouette,4
8,1.0,0.5,100,362,0.7288,0.074,12,8.2859,Silhouette,4
8,1.0,0.5,300,6084,0.7682,0.0095,37,315.2554,Silhouette,4
8,1.0,0.5,500,36254,0.7774,0.0044,62,3652.8551,Silhouette,4
8,0.5,1.0,100,362,0.727,0.0681,12,8.1197,Silhouette,4
8,0.5,1.0,300,6084,0.7767,0.0115,37,332.9451,Silhouette,4
8,0.5,1.0,500,36254,0.7628,0.006,62,4266.6476,Silhouette,4
8,0.5,0.5,100,362,0.7289,0.0704,12,8.1648,Silhouette,4
8,0.5,0.5,300,6084,0.784,0.0089,37,312.8111,Silhouette,4
8,0.5,0.5,500,36254,0.7749,0.0033,62,3819.7402,Silhouette,4
8,1.0,1.0,100,362,0.7289,0.0704,12,8.3099,Silhouette,4
8,1.0,1.0,300,6084,0.784,0.0089,37,316.0169,Silhouette,4
2,1.0,0.0,100,362,0.3318,0.0006,50,2.5956,Graph_Performance,4
2,1.0,0.0,300,6084,0.3556,0.0,150,98.7309,Graph_Performance,4
2,1.0,0.0,500,36254,0.3592,0.0,250,883.9424,Graph_Performance,4
2,1.0,0.5,100,362,0.3161,0.0,50,2.5484,Graph_Performance,4
2,1.0,0.5,300,6084,0.3566,0.0,150,99.9397,Graph_Performance,4
2,1.0,0.5,500,36254,0.3535,0.0,250,888.6047,Graph_Performance,4
2,0.5,1.0,100,362,0.3161,0.0,50,2.5928,Graph_Performance,4
2,0.5,1.0,300,6084,0.3566,0.0,150,101.0279,Graph_Performance,4
2,0.5,1.0,500,36254,0.3535,0.0,250,891.4797,Graph_Performance,4
2,1.0,1.0,100,362,0.3161,0.0,50,2.5586,Graph_Performance,4
2,1.0,1.0,300,6084,0.3566,0.0,150,100.7249,Graph_Performance,4
2,1.0,1.0,500,36254,0.3535,0.0,250,891.9141,Graph_Performance,4
4,1.0,0.0,100,362,0.5696,0.0118,25,3.7238,Graph_Performance,4
4,1.0,0.0,300,6084,0.5825,0.0014,75,152.3957,Graph_Performance,4
4,1.0,0.0,500,36254,0.6055,0.0019,125,1415.2752,Graph_Performance,4
4,1.0,0.5,100,362,0.5808,0.0156,25,4.0115,Graph_Performance,4
4,1.0,0.5,300,6084,0.6125,0.0018,75,163.6675,Graph_Performance,4
4,1.0,0.5,500,36254,0.6164,0.0014,125,1503.3925,Graph_Performance,4
4,0.5,1.0,100,362,0.5808,0.0156,25,4.131,Graph_Performance,4
4,0.5,1.0,300,6084,0.6125,0.0018,75,164.7986,Graph_Performance,4
4,0.5,1.0,500,36254,0.6164,0.0014,125,1509.6598,Graph_Performance,4
4,1.0,1.0,100,362,0.5808,0.0156,25,4.0599,Graph_Performance,4
4,1.0,1.0,300,6084,0.6125,0.0018,75,164.6374,Graph_Performance,4
4,1.0,1.0,500,36254,0.6164,0.0014,125,1512.6483,Graph_Performance,4
6,1.0,0.0,100,362,0.7263,0.0606,16,4.8737,Graph_Performance,4
6,1.0,0.0,300,6084,0.7148,0.0048,50,189.1566,Graph_Performance,4
6,1.0,0.0,500,36254,0.7276,0.0036,83,1746.1942,Graph_Performance,4
6,1.0,0.5,100,362,0.7004,0.0518,16,4.8055,Graph_Performance,4
6,1.0,0.5,300,6084,0.717,0.0051,50,188.3761,Graph_Performance,4
6,1.0,0.5,500,36254,0.734,0.0023,83,1758.085,Graph_Performance,4
6,0.5,1.0,100,362,0.7004,0.0518,16,4.896,Graph_Performance,4
6,0.5,1.0,300,6084,0.717,0.0051,50,188.8552,Graph_Performance,4
6,0.5,1.0,500,36254,0.734,0.0023,83,1755.8312,Graph_Performance,4
6,1.0,1.0,100,362,0.7004,0.0518,16,4.8354,Graph_Performance,4
6,1.0,1.0,300,6084,0.717,0.0051,50,187.9657,Graph_Performance,4
6,1.0,1.0,500,36254,0.734,0.0023,83,1754.1023,Graph_Performance,4
8,1.0,0.0,100,362,0.6883,0.1065,12,5.2387,Graph_Performance,4
8,1.0,0.0,300,6084,0.7812,0.0302,37,209.3452,Graph_Performance,4
8,1.0,0.0,500,36254,0.7733,0.009,62,1938.0269,Graph_Performance,4
8,1.0,0.5,100,362,0.7708,0.088,12,5.1548,Graph_Performance,4
8,1.0,0.5,300,6084,0.7824,0.0185,37,207.1109,Graph_Performance,4
8,1.0,0.5,500,36254,0.7915,0.003,62,1945.8139,Graph_Performance,4
8,0.5,1.0,100,362,0.7708,0.088,12,5.2326,Graph_Performance,4
8,0.5,1.0,300,6084,0.7824,0.0185,37,208.8072,Graph_Performance,4
8,0.5,1.0,500,36254,0.7915,0.003,62,1943.6118,Graph_Performance,4
8,1.0,1.0,100,362,0.7708,0.088,12,5.2088,Graph_Performance,4
8,1.0,1.0,300,6084,0.7824,0.0185,37,207.4857,Graph_Performance,4
8,1.0,1.0,500,36254,0.7915,0.003,62,1949.9861,Graph_Performance,4
10,1.0,0.0,100,362,0.7544,0.116,10,5.1206,Graph_Performance,4
10,1.0,0.0,300,6084,0.8117,0.0576,30,221.2857,Graph_Performance,4
10,1.0,0.0,500,36254,0.8191,0.0111,50,2113.2191,Graph_Performance,4
10,1.0,0.5,100,362,0.7842,0.1151,10,5.209,Graph_Performance,4
10,1.0,0.5,300,6084,0.8091,0.0578,30,221.2841,Graph_Performance,4
10,1.0,0.5,500,36254,0.8337,0.0093,50,2110.8767,Graph_Performance,4
10,0.5,1.0,100,362,0.7842,0.1151,10,5.1187,Graph_Performance,4
10,0.5,1.0,300,6084,0.8091,0.0578,30,222.2357,Graph_Performance,4
10,0.5,1.0,500,36254,0.8337,0.0093,50,2121.7302,Graph_Performance,4
10,1.0,1.0,100,362,0.7842,0.1151,10,5.1669,Graph_Performance,4
10,1.0,1.0,300,6084,0.8091,0.0578,30,221.1614,Graph_Performance,4
10,1.0,1.0,500,36254,0.8337,0.0093,50,1974.76,Graph_Performance,4
10,1.0,0.0,500,36254,0.8241,0.013,50,5094.8435,Modularity,4
10,1.0,0.5,300,6084,0.8256,0.025,30,622.8056,Modularity,4
10,1.0,0.5,500,36254,0.8185,0.0033,50,8173.6236,Modularity,4
10,0.5,1.0,500,36254,0.8132,0.0033,50,8191.5528,Modularity,4
10,0.5,0.5,100,362,0.7825,0.1061,10,6.9063,Modularity,4
10,0.5,0.5,300,6084,0.8226,0.0249,30,617.6056,Modularity,4
10,0.5,0.5,500,36254,0.8225,0.0033,50,8133.0017,Modularity,4
10,1.0,1.0,500,36254,0.8225,0.0033,50,8169.9352,Modularity,4
8,0.5,1.0,500,36254,0.7745,0.0028,62,6437.7053,Modularity,4
8,1.0,1.0,500,36254,0.7771,0.0028,62,7837.7129,Modularity,4
10,1.0,0.0,100,362,0.8083,0.1145,10,8.6439,Silhouette,4
10,1.0,0.0,300,6084,0.7968,0.0433,30,323.4849,Silhouette,4
10,1.0,0.0,500,36254,0.809,0.0187,50,3583.5602,Silhouette,4
10,1.0,0.5,100,362,0.8012,0.1144,10,8.1605,Silhouette,4
10,1.0,0.5,300,6084,0.8178,0.0349,30,310.5363,Silhouette,4
10,1.0,0.5,500,36254,0.8204,0.0142,50,3745.2553,Silhouette,4
10,0.5,1.0,100,362,0.8012,0.1144,10,8.6554,Silhouette,4
10,0.5,1.0,300,6084,0.8211,0.0257,30,347.9335,Silhouette,4
10,0.5,1.0,500,36254,0.8262,0.0098,50,4411.8976,Silhouette,4
10,1.0,1.0,100,362,0.8012,0.1144,10,8.5979,Silhouette,4
10,1.0,1.0,300,6084,0.822,0.0355,30,332.361,Silhouette,4
10,1.0,1.0,500,36254,0.8112,0.0152,50,3923.3129,Silhouette,4
8,1.0,1.0,500,36254,0.7749,0.0033,62,3554.3612,Silhouette,4
4,1.0,0.5,1000,170412,0.1408,0.0013,250,3633.2068,Classification_Metric,4
4,1.0,0.5,1000,170412,0.1903,0.0002,250,4317.6541,Purity,4
4,1.0,0.5,1000,170412,0.1352,0.0013,250,4797.5309,Entropy,4
4,1.0,1.0,1000,170412,0.1411,0.0013,250,3647.7313,Classification_Metric,4
4,1.0,1.0,1000,170412,0.2279,0.0001,250,4030.9713,Purity,4
4,1.0,0.5,1000,170412,0.2446,0.0,250,3055.1345,SaNGreeA,4
8,1.0,0.5,1000,170412,0.3558,0.0002,125,6655.8902,SaNGreeA,4
8,1.0,0.5,1000,170412,0.2085,0.0064,125,8216.5648,Classification_Metric,4
8,1.0,0.5,1000,170412,0.234,0.0059,125,10222.335,Entropy,4
8,1.0,1.0,1000,170412,0.4125,0.0002,125,6922.7185,SaNGreeA,4
8,1.0,1.0,1000,170412,0.2111,0.0065,125,13651.274,Classification_Metric,4
8,1.0,1.0,1000,170412,0.2207,0.0056,125,14969.9825,Entropy,4
4,1.0,0.5,1000,170412,0.5864,0.0,250,5058.238,Discernibility,4
4,1.0,0.5,1000,170412,0.1156,0.0002,250,5610.4299,Precision,4
4,1.0,1.0,1000,170412,0.5864,0.0,250,4822.1708,Discernibility,4
4,1.0,1.0,1000,170412,0.1506,0.0001,250,5098.9933,Precision,4
8,1.0,0.5,1000,170412,0.7768,0.0002,125,10652.3423,Discernibility,4
8,1.0,0.5,1000,170412,0.2149,0.0017,125,11614.6891,Precision,4
8,1.0,1.0,1000,170412,0.7768,0.0002,125,10727.7461,Discernibility,4
8,1.0,1.0,1000,170412,0.2642,0.0002,125,11044.0085,Precision,4
4,1.0,1.0,1000,170412,0.2842,0.0,250,3011.4119,SaNGreeA,4
4,1.0,1.0,1000,170412,0.1351,0.0012,250,4631.0556,Entropy,4
8,1.0,1.0,1000,170412,0.4348,0.0002,125,9845.327,Purity,4
8,1.0,0.5,1000,170412,0.3902,0.0005,125,10190.1798,Purity,4
8,1.0,0.5,1000,170412,0.2027,0.004,125,12674.6982,Normalized_Certainty_Penalty,4
8,1.0,1.0,1000,170412,0.2124,0.0035,125,13257.3344,Normalized_Certainty_Penalty,4
8,1.0,0.5,1000,170412,0.7724,0.0018,125,36434.5212,Graph_Performance,4
6,1.0,0.5,1000,170412,0.3213,0.0001,166,4902.5076,SaNGreeA,4
6,1.0,0.5,1000,170412,0.3253,0.0004,166,6586.212,Purity,4
6,1.0,0.5,1000,170412,0.1841,0.0007,166,6697.0291,Precision,4
6,1.0,1.0,1000,170412,0.3861,0.0001,166,4885.3724,SaNGreeA,4
6,1.0,1.0,1000,170412,0.3557,0.0001,166,6206.7518,Purity,4
6,1.0,1.0,1000,170412,0.2228,0.0002,166,6346.4695,Precision,4
6,1.0,0.5,1000,170412,0.1904,0.0032,166,8817.9837,Classification_Metric,4
6,1.0,0.5,1000,170412,0.7167,0.0002,166,8941.5288,Discernibility,4
6,1.0,0.5,1000,170412,0.1661,0.0019,166,10269.345,Normalized_Certainty_Penalty,4
6,1.0,0.5,1000,170412,0.1882,0.003,166,11063.3426,Entropy,4
6,1.0,1.0,1000,170412,0.1972,0.0032,166,8589.8809,Classification_Metric,4
6,1.0,1.0,1000,170412,0.7167,0.0002,166,8652.5334,Discernibility,4
6,1.0,1.0,1000,170412,0.1824,0.0014,166,9730.3111,Normalized_Certainty_Penalty,4
6,1.0,1.0,1000,170412,0.1905,0.0028,166,10674.0132,Entropy,4
10,1.0,0.5,1000,170412,0.2486,0.0116,100,14991.9271,Classification_Metric,4
10,1.0,0.5,1000,170412,0.8054,0.0002,100,14781.7771,Discernibility,4
10,1.0,0.5,1000,170412,0.2341,0.0073,100,16531.6499,Normalized_Certainty_Penalty,4
10,1.0,0.5,1000,170412,0.2486,0.0112,100,17701.5625,Entropy,4
2,1.0,0.5,1000,170412,0.0692,0.0,500,1642.1375,Classification_Metric,4
2,1.0,0.5,1000,170412,0.354,0.0,500,2078.5727,Discernibility,4
2,1.0,0.5,1000,170412,0.0692,0.0,500,2500.0038,Entropy,4
2,1.0,1.0,1000,170412,0.0692,0.0,500,1675.5073,Classification_Metric,4
2,1.0,1.0,1000,170412,0.354,0.0,500,2104.8102,Discernibility,4
2,1.0,1.0,1000,170412,0.0692,0.0,500,2600.0273,Entropy,4
10,1.0,0.5,1000,170412,0.408,0.0002,100,8351.0944,SaNGreeA,4
10,1.0,0.5,1000,170412,0.4706,0.0005,100,10774.9701,Purity,4
10,1.0,0.5,1000,170412,0.2522,0.0032,100,11103.1579,Precision,4
10,1.0,1.0,1000,170412,0.4518,0.0002,100,8413.7731,SaNGreeA,4
10,1.0,1.0,1000,170412,0.5014,0.0001,100,10426.9399,Purity,4
10,1.0,1.0,1000,170412,0.3282,0.0006,100,10625.0402,Precision,4
10,1.0,1.0,1000,170412,0.8054,0.0002,100,14830.6879,Discernibility,4
10,1.0,1.0,1000,170412,0.2517,0.0116,100,15005.6237,Classification_Metric,4
10,1.0,1.0,1000,170412,0.2372,0.0061,100,16370.0414,Normalized_Certainty_Penalty,4
10,1.0,1.0,1000,170412,0.2612,0.0103,100,17067.6166,Entropy,4
2,1.0,0.5,1000,170412,0.1223,0.0,500,1188.1186,SaNGreeA,4
2,1.0,0.5,1000,170412,0.0447,0.0,500,1724.9137,Precision,4
2,1.0,1.0,1000,170412,0.1391,0.0,500,1178.1164,SaNGreeA,4
2,1.0,1.0,1000,170412,0.0572,0.0,500,1644.5462,Precision,4
